[{"id":"6285722632523@s.whatsapp.net","saldo":0,"transaksi":false,"nama":"yyy","idproduk":"","idtujuan":"","harga":0},{"id":"6289628903090@s.whatsapp.net","saldo":0,"transaksi":false,"nama":"","idproduk":"","idtujuan":"","harga":0},{"id":"6285217871749@s.whatsapp.net","saldo":0,"transaksi":false,"nama":"","idproduk":"","idtujuan":"","harga":0},{"id":"6283112119844@s.whatsapp.net","saldo":1000000,"transaksi":true,"nama":"86 Diamond Mobile Legend","idproduk":"DML85","idtujuan":"2210860509157","harga":18685},{"id":"6283844623391@s.whatsapp.net","saldo":0,"transaksi":false,"nama":"","idproduk":"","idtujuan":"","harga":0},{"id":"6285783032842@s.whatsapp.net","saldo":0,"transaksi":false,"nama":"","idproduk":"","idtujuan":"","harga":0},{"id":"6283114906536@s.whatsapp.net","saldo":0,"transaksi":false,"nama":"","idproduk":"","idtujuan":"","harga":0},{"id":"254735342808@s.whatsapp.net","saldo":0,"transaksi":false,"nama":"","idproduk":"","idtujuan":"","harga":0},{"id":"6282138084096@s.whatsapp.net","saldo":0,"transaksi":false,"nama":"","idproduk":"","idtujuan":"","harga":0},{"id":"51914792696@s.whatsapp.net","saldo":0,"transaksi":false,"nama":"","idproduk":"","idtujuan":"","harga":0},{"id":"6281276670278@s.whatsapp.net","saldo":0,"transaksi":false,"nama":"","idproduk":"","idtujuan":"","harga":0},{"id":"6288277493770@s.whatsapp.net","saldo":0,"transaksi":false,"nama":"","idproduk":"","idtujuan":"","harga":0},{"id":"6283818778103@s.whatsapp.net","saldo":0,"transaksi":false,"nama":"","idproduk":"","idtujuan":"","harga":0},{"id":"6283843074526@s.whatsapp.net","saldo":0,"transaksi":false,"nama":"","idproduk":"","idtujuan":"","harga":0},{"id":"6282181287134@s.whatsapp.net","saldo":0,"transaksi":false,"nama":"","idproduk":"","idtujuan":"","harga":0},{"id":"6287761674503@s.whatsapp.net","saldo":0,"transaksi":false,"nama":"","idproduk":"","idtujuan":"","harga":0},{"id":"6283147450754@s.whatsapp.net","saldo":0,"transaksi":false,"nama":"","idproduk":"","idtujuan":"","harga":0},{"id":"6282146594775@s.whatsapp.net","saldo":0,"transaksi":false,"nama":"","idproduk":"","idtujuan":"","harga":0},{"id":"6281365618108@s.whatsapp.net","saldo":0,"transaksi":false,"nama":"","idproduk":"","idtujuan":"","harga":0},{"id":"6283815186189@s.whatsapp.net","saldo":0,"transaksi":false,"nama":"","idproduk":"","idtujuan":"","harga":0},{"id":"6281912894727@s.whatsapp.net","saldo":0,"transaksi":false,"nama":"","idproduk":"","idtujuan":"","harga":0},{"id":"62895360315088@s.whatsapp.net","saldo":0,"transaksi":false,"nama":"","idproduk":"","idtujuan":"","harga":0},{"id":"6287782150986@s.whatsapp.net","saldo":0,"transaksi":false,"nama":"","idproduk":"","idtujuan":"","harga":0},{"id":"6287778211512@s.whatsapp.net","saldo":0,"transaksi":false,"nama":"","idproduk":"","idtujuan":"","harga":0},{"id":"6281278741068@s.whatsapp.net","saldo":0,"transaksi":false,"nama":"","idproduk":"","idtujuan":"","harga":0},{"id":"6283863708015@s.whatsapp.net","saldo":0,"transaksi":false,"nama":"","idproduk":"","idtujuan":"","harga":0},{"id":"6285825303073@s.whatsapp.net","saldo":0,"transaksi":false,"nama":"","idproduk":"","idtujuan":"","harga":0},{"id":"6281477189359@s.whatsapp.net","saldo":0,"transaksi":false,"nama":"","idproduk":"","idtujuan":"","harga":0},{"id":"6285693458917@s.whatsapp.net","saldo":0,"transaksi":false,"nama":"","idproduk":"","idtujuan":"","harga":0},{"id":"6285793630813@s.whatsapp.net","saldo":0,"transaksi":false,"nama":"","idproduk":"","idtujuan":"","harga":0},{"id":"6289602903100@s.whatsapp.net","saldo":0,"transaksi":false,"nama":"","idproduk":"","idtujuan":"","harga":0},{"id":"6282177436631@s.whatsapp.net","saldo":0,"transaksi":false,"nama":"","idproduk":"","idtujuan":"","harga":0},{"id":"6281548161970@s.whatsapp.net","saldo":0,"transaksi":false,"nama":"","idproduk":"","idtujuan":"","harga":0},{"id":"6285267883388@s.whatsapp.net","saldo":0,"transaksi":false,"nama":"","idproduk":"","idtujuan":"","harga":0},{"id":"6283806108186@s.whatsapp.net","saldo":0,"transaksi":false,"nama":"","idproduk":"","idtujuan":"","harga":0},{"id":"6285752166181@s.whatsapp.net","saldo":0,"transaksi":false,"nama":"","idproduk":"","idtujuan":"","harga":0},{"id":"6285721627486@s.whatsapp.net","saldo":0,"transaksi":false,"nama":"","idproduk":"","idtujuan":"","harga":0},{"id":"6283825377906@s.whatsapp.net","saldo":0,"transaksi":false,"nama":"","idproduk":"","idtujuan":"","harga":0},{"id":"6285334633670@s.whatsapp.net","saldo":0,"transaksi":false,"nama":"","idproduk":"","idtujuan":"","harga":0},{"id":"6287758749954@s.whatsapp.net","saldo":0,"transaksi":false,"nama":"","idproduk":"","idtujuan":"","harga":0},{"id":"27608592522@s.whatsapp.net","saldo":0,"transaksi":false,"nama":"","idproduk":"","idtujuan":"","harga":0},{"id":"62895329361448@s.whatsapp.net","saldo":0,"transaksi":false,"nama":"","idproduk":"","idtujuan":"","harga":0},{"id":"628311881792@s.whatsapp.net","saldo":0,"transaksi":false,"nama":"","idproduk":"","idtujuan":"","harga":0},{"id":"6285603114185@s.whatsapp.net","saldo":0,"transaksi":false,"nama":"","idproduk":"","idtujuan":"","harga":0},{"id":"6289652552565@s.whatsapp.net","saldo":0,"transaksi":false,"nama":"","idproduk":"","idtujuan":"","harga":0},{"id":"628875481058@s.whatsapp.net","saldo":0,"transaksi":false,"nama":"","idproduk":"","idtujuan":"","harga":0},{"id":"628978632753@s.whatsapp.net","saldo":0,"transaksi":false,"nama":"","idproduk":"","idtujuan":"","harga":0},{"id":"6282390970044@s.whatsapp.net","saldo":0,"transaksi":false,"nama":"","idproduk":"","idtujuan":"","harga":0},{"id":"6281546571454@s.whatsapp.net","saldo":0,"transaksi":false,"nama":"","idproduk":"","idtujuan":"","harga":0},{"id":"62895321865013@s.whatsapp.net","saldo":0,"transaksi":false,"nama":"","idproduk":"","idtujuan":"","harga":0},{"id":"6281378211241@s.whatsapp.net","saldo":0,"transaksi":false,"nama":"","idproduk":"","idtujuan":"","harga":0},{"id":"62895341441393@s.whatsapp.net","saldo":0,"transaksi":false,"nama":"","idproduk":"","idtujuan":"","harga":0},{"id":"6283126390134@s.whatsapp.net","saldo":0,"transaksi":false,"nama":"","idproduk":"","idtujuan":"","harga":0},{"id":"6285391281330@s.whatsapp.net","saldo":0,"transaksi":false,"nama":"","idproduk":"","idtujuan":"","harga":0},{"id":"6281545378546@s.whatsapp.net","saldo":0,"transaksi":false,"nama":"","idproduk":"","idtujuan":"","harga":0},{"id":"6287867526121@s.whatsapp.net","saldo":0,"transaksi":false,"nama":"","idproduk":"","idtujuan":"","harga":0},{"id":"6283119798944@s.whatsapp.net","saldo":0,"transaksi":false,"nama":"","idproduk":"","idtujuan":"","harga":0},{"id":"62895410524985@s.whatsapp.net","saldo":0,"transaksi":false,"nama":"","idproduk":"","idtujuan":"","harga":0},{"id":"6283159688270@s.whatsapp.net","saldo":0,"transaksi":false,"nama":"","idproduk":"","idtujuan":"","harga":0},{"id":"6281233546513@s.whatsapp.net","saldo":0,"transaksi":false,"nama":"","idproduk":"","idtujuan":"","harga":0},{"id":"6288214523803@s.whatsapp.net","saldo":0,"transaksi":false,"nama":"","idproduk":"","idtujuan":"","harga":0},{"id":"6288980781957@s.whatsapp.net","saldo":0,"transaksi":false,"nama":"","idproduk":"","idtujuan":"","harga":0},{"id":"6287721064542@s.whatsapp.net","saldo":0,"transaksi":false,"nama":"","idproduk":"","idtujuan":"","harga":0},{"id":"6285814079819@s.whatsapp.net","saldo":0,"transaksi":false,"nama":"","idproduk":"","idtujuan":"","harga":0},{"id":"6287719805304@s.whatsapp.net","saldo":0,"transaksi":false,"nama":"","idproduk":"","idtujuan":"","harga":0},{"id":"6283856956879@s.whatsapp.net","saldo":0,"transaksi":false,"nama":"","idproduk":"","idtujuan":"","harga":0},{"id":"6289665795040@s.whatsapp.net","saldo":0,"transaksi":false,"nama":"","idproduk":"","idtujuan":"","harga":0},{"id":"6281362696401@s.whatsapp.net","saldo":0,"transaksi":false,"nama":"","idproduk":"","idtujuan":"","harga":0},{"id":"6283181640252@s.whatsapp.net","saldo":0,"transaksi":false,"nama":"","idproduk":"","idtujuan":"","harga":0},{"id":"6285787702001@s.whatsapp.net","saldo":0,"transaksi":false,"nama":"","idproduk":"","idtujuan":"","harga":0},{"id":"62882022482337@s.whatsapp.net","saldo":0,"transaksi":false,"nama":"","idproduk":"","idtujuan":"","harga":0},{"id":"6285323584002@s.whatsapp.net","saldo":0,"transaksi":false,"nama":"","idproduk":"","idtujuan":"","harga":0},{"id":"6281999250455@s.whatsapp.net","saldo":0,"transaksi":false,"nama":"","idproduk":"","idtujuan":"","harga":0},{"id":"6281545652478@s.whatsapp.net","saldo":0,"transaksi":false,"nama":"","idproduk":"","idtujuan":"","harga":0},{"id":"6289603330418@s.whatsapp.net","saldo":0,"transaksi":false,"nama":"","idproduk":"","idtujuan":"","harga":0},{"id":"628814112874@s.whatsapp.net","saldo":0,"transaksi":false,"nama":"","idproduk":"","idtujuan":"","harga":0},{"id":"6282345973263@s.whatsapp.net","saldo":0,"transaksi":false,"nama":"","idproduk":"","idtujuan":"","harga":0},{"id":"6289502233433@s.whatsapp.net","saldo":0,"transaksi":false,"nama":"","idproduk":"","idtujuan":"","harga":0},{"id":"62895321044969@s.whatsapp.net","saldo":0,"transaksi":false,"nama":"","idproduk":"","idtujuan":"","harga":0},{"id":"6283870612142@s.whatsapp.net","saldo":0,"transaksi":false,"nama":"","idproduk":"","idtujuan":"","harga":0},{"id":"6288216197388@s.whatsapp.net","saldo":0,"transaksi":false,"nama":"","idproduk":"","idtujuan":"","harga":0},{"id":"6281355538442@s.whatsapp.net","saldo":0,"transaksi":false,"nama":"","idproduk":"","idtujuan":"","harga":0},{"id":"6285773125657@s.whatsapp.net","saldo":0,"transaksi":false,"nama":"","idproduk":"","idtujuan":"","harga":0},{"id":"6287888827100@s.whatsapp.net","saldo":0,"transaksi":false,"nama":"","idproduk":"","idtujuan":"","harga":0},{"id":"6281243496891@s.whatsapp.net","saldo":0,"transaksi":false,"nama":"","idproduk":"","idtujuan":"","harga":0},{"id":"6283877306526@s.whatsapp.net","saldo":0,"transaksi":false,"nama":"","idproduk":"","idtujuan":"","harga":0},{"id":"6281953615813@s.whatsapp.net","saldo":0,"transaksi":false,"nama":"","idproduk":"","idtujuan":"","harga":0},{"id":"6285810065524@s.whatsapp.net","saldo":0,"transaksi":false,"nama":"","idproduk":"","idtujuan":"","harga":0},{"id":"6282218876020@s.whatsapp.net","saldo":0,"transaksi":false,"nama":"","idproduk":"","idtujuan":"","harga":0},{"id":"6282169156763@s.whatsapp.net","saldo":0,"transaksi":false,"nama":"","idproduk":"","idtujuan":"","harga":0},{"id":"6281217617203@s.whatsapp.net","saldo":0,"transaksi":false,"nama":"","idproduk":"","idtujuan":"","harga":0},{"id":"628998127227@s.whatsapp.net","saldo":0,"transaksi":false,"nama":"","idproduk":"","idtujuan":"","harga":0},{"id":"6285695291208@s.whatsapp.net","saldo":0,"transaksi":false,"nama":"","idproduk":"","idtujuan":"","harga":0},{"id":"6282296372336@s.whatsapp.net","saldo":0,"transaksi":false,"nama":"","idproduk":"","idtujuan":"","harga":0},{"id":"6285320517561@s.whatsapp.net","saldo":0,"transaksi":false,"nama":"","idproduk":"","idtujuan":"","harga":0},{"id":"6281297221781@s.whatsapp.net","saldo":0,"transaksi":false,"nama":"","idproduk":"","idtujuan":"","harga":0},{"id":"62882015523575@s.whatsapp.net","saldo":0,"transaksi":false,"nama":"","idproduk":"","idtujuan":"","harga":0},{"id":"6282180426880@s.whatsapp.net","saldo":0,"transaksi":false,"nama":"","idproduk":"","idtujuan":"","harga":0},{"id":"6287711452013@s.whatsapp.net","saldo":0,"transaksi":false,"nama":"","idproduk":"","idtujuan":"","harga":0},{"id":"6282283608780@s.whatsapp.net","saldo":0,"transaksi":false,"nama":"","idproduk":"","idtujuan":"","harga":0}]